<?xml version="1.0"?> 
<SCL xmlns="http://www.iec.ch/61850/2003/SCL" xmlns:xsi="http://www.w3.org/2001/XMLSchema-instance" 
       xsi:schemaLocation="http://www.iec.ch/61850/2003/SCL SCL.xsd"> 
  <DataTypeTemplates> 
    <EnumType id="ctlModel"> 
      <EnumVal ord="0">status-only</EnumVal> 
      <EnumVal ord="1">direct-with-normal-security</EnumVal> 
      <EnumVal ord="2">sbo-with-normal-security</EnumVal> 
      <EnumVal ord="3">direct-with-enhanced-security</EnumVal> 
      <EnumVal ord="4">sbo-with-enhanced-security</EnumVal> 
    </EnumType> 
    <EnumType id="sboClass"> 
      <EnumVal ord="0">operate-once</EnumVal> 
      <EnumVal ord="1">operate-many</EnumVal> 
    </EnumType> 
    <EnumType id="orCategory"> 
      <EnumVal ord="0">not-supported</EnumVal> 
      <EnumVal ord="1">bay-control</EnumVal> 
      <EnumVal ord="2">station-control</EnumVal> 
      <EnumVal ord="3">remote-control</EnumVal> 
      <EnumVal ord="4">automatic-bay</EnumVal> 
      <EnumVal ord="5">automatic-station</EnumVal> 
      <EnumVal ord="6">automatic-remote</EnumVal> 
      <EnumVal ord="7">maintenance</EnumVal> 
      <EnumVal ord="8">process</EnumVal> 
    </EnumType> 
    <EnumType id="dir"> 
      <EnumVal ord="0">unknown</EnumVal> 
      <EnumVal ord="1">forward</EnumVal> 
      <EnumVal ord="2">backward</EnumVal> 
      <EnumVal ord="3">both</EnumVal> 
    </EnumType> 
    <EnumType id="sev"> 
      <EnumVal ord="0">Unknown</EnumVal> 
      <EnumVal ord="1">critical</EnumVal> 
      <EnumVal ord="2">major</EnumVal> 
      <EnumVal ord="3">minor</EnumVal> 
      <EnumVal ord="4">warning</EnumVal> 
    </EnumType> 
    <EnumType id="range"> 
      <EnumVal ord="0">normal</EnumVal> 
      <EnumVal ord="1">high</EnumVal> 
      <EnumVal ord="2">low</EnumVal> 
      <EnumVal ord="3">high-high</EnumVal> 
      <EnumVal ord="4">low-low</EnumVal> 
    </EnumType> 
    <EnumType id="angidCMV"> 
      <EnumVal ord="0">V</EnumVal> 
      <EnumVal ord="1">A</EnumVal> 
      <EnumVal ord="2">other</EnumVal> 
    </EnumType> 
    <EnumType id="angid"> 
      <EnumVal ord="0">Va</EnumVal> 
      <EnumVal ord="1">Vb</EnumVal> 
      <EnumVal ord="2">Vc</EnumVal> 
      <EnumVal ord="3">Aa</EnumVal> 
      <EnumVal ord="4">Ab</EnumVal> 
      <EnumVal ord="5">Ac</EnumVal> 
      <EnumVal ord="6">Vab</EnumVal> 
      <EnumVal ord="7">Vbc</EnumVal> 
      <EnumVal ord="8">Vca</EnumVal> 
      <EnumVal ord="9">Aother</EnumVal> 
      <EnumVal ord="10">Vother</EnumVal> 
    </EnumType> 
    <EnumType id="phsid"> 
      <EnumVal ord="0">A</EnumVal> 
      <EnumVal ord="1">B</EnumVal> 
      <EnumVal ord="2">C</EnumVal> 
    </EnumType> 
    <EnumType id="seqT"> 
      <EnumVal ord="0">pos-neg-zero</EnumVal> 
      <EnumVal ord="1">dir-quad-zero</EnumVal> 
    </EnumType> 
    <EnumType id="hvid"> 
      <EnumVal ord="0">fundamental</EnumVal> 
      <EnumVal ord="1">rms</EnumVal> 
      <EnumVal ord="2">absolute</EnumVal> 
    </EnumType> 
    <EnumType id="setCharact"> 
      <EnumVal ord="0"/> 
      <EnumVal ord="1">ANSI Extremly Inverse</EnumVal> 
      <EnumVal ord="2">ANSI Very Inverse</EnumVal> 
      <EnumVal ord="3">ANSI Normal Inverse</EnumVal> 
      <EnumVal ord="4">ANSI Moderate Inverse</EnumVal> 
      <EnumVal ord="5">ANSI Definite Time</EnumVal> 
      <EnumVal ord="6">Long-Time Extremely Inverse</EnumVal> 
      <EnumVal ord="7">Long-Time Very Inverse</EnumVal> 
      <EnumVal ord="8">Long-Time Inverse</EnumVal> 
      <EnumVal ord="9">IEC Normal Inverse</EnumVal> 
      <EnumVal ord="10">IEC Very Inverse</EnumVal> 
      <EnumVal ord="11">IEC Inverse</EnumVal> 
      <EnumVal ord="12">IEC Extremely Inverse</EnumVal> 
      <EnumVal ord="13">IEC Short-Time Inverse</EnumVal> 
      <EnumVal ord="14">IEC Long-Time Inverse</EnumVal> 
      <EnumVal ord="15">IEC Definite Time</EnumVal> 
      <EnumVal ord="16">Reserved</EnumVal> 
    </EnumType> 
    <EnumType id="multiplier"> 
      <EnumVal ord="-24">y</EnumVal>
      <EnumVal ord="-21">z</EnumVal>
      <EnumVal ord="-18">a</EnumVal>
      <EnumVal ord="-15">f</EnumVal>
      <EnumVal ord="-12">p</EnumVal>
      <EnumVal ord="-9">n</EnumVal>
      <EnumVal ord="-6">u</EnumVal>
      <EnumVal ord="-3">m</EnumVal>
      <EnumVal ord="-2">c</EnumVal>
      <EnumVal ord="-1">d</EnumVal>
      <EnumVal ord="0"></EnumVal>
      <EnumVal ord="1">da</EnumVal>
      <EnumVal ord="2">h</EnumVal>
      <EnumVal ord="3">k</EnumVal>
      <EnumVal ord="6">M</EnumVal>
      <EnumVal ord="9">G</EnumVal>
      <EnumVal ord="12">T</EnumVal>
      <EnumVal ord="15">P</EnumVal>
      <EnumVal ord="18">E</EnumVal>
      <EnumVal ord="21">Z</EnumVal>
      <EnumVal ord="24">Y</EnumVal>
    </EnumType> 
    <EnumType id="SIUnit"> 
      <EnumVal ord="1"></EnumVal>
      <EnumVal ord="2">m</EnumVal>
      <EnumVal ord="3">kg</EnumVal>
      <EnumVal ord="4">s</EnumVal>
      <EnumVal ord="5">A</EnumVal>
      <EnumVal ord="6">K</EnumVal>
      <EnumVal ord="7">mol</EnumVal>
      <EnumVal ord="8">cd</EnumVal>
      <EnumVal ord="9">deg</EnumVal>
      <EnumVal ord="10">rad</EnumVal>
      <EnumVal ord="11">sr</EnumVal>
      <EnumVal ord="21">Gy</EnumVal>
      <EnumVal ord="22">q</EnumVal>
      <EnumVal ord="23">`C</EnumVal>
      <EnumVal ord="24">Sv</EnumVal>
      <EnumVal ord="25">F</EnumVal>
      <EnumVal ord="26">C</EnumVal>
      <EnumVal ord="27">S</EnumVal>
      <EnumVal ord="28">H</EnumVal>
      <EnumVal ord="29">V</EnumVal>
      <EnumVal ord="30">ohm</EnumVal>
      <EnumVal ord="31">J</EnumVal>
      <EnumVal ord="32">N</EnumVal>
      <EnumVal ord="33">Hz</EnumVal>
      <EnumVal ord="34">lx</EnumVal>
      <EnumVal ord="35">Lm</EnumVal>
      <EnumVal ord="36">Wb</EnumVal>
      <EnumVal ord="37">T</EnumVal>
      <EnumVal ord="38">W</EnumVal>
      <EnumVal ord="39">Pa</EnumVal>
      <EnumVal ord="41">m^2</EnumVal>
      <EnumVal ord="42">m^3</EnumVal>
      <EnumVal ord="43">m/s</EnumVal>
      <EnumVal ord="44">m/s^2</EnumVal>
      <EnumVal ord="45">m^3/s</EnumVal>
      <EnumVal ord="46">m/m^3</EnumVal>
      <EnumVal ord="47">M</EnumVal>
      <EnumVal ord="48">kg/m^3</EnumVal>
      <EnumVal ord="49">m^2/s</EnumVal>
      <EnumVal ord="50">W/m K</EnumVal>
      <EnumVal ord="51">J/K</EnumVal>
      <EnumVal ord="52">ppm</EnumVal>
      <EnumVal ord="53">1/s</EnumVal>
      <EnumVal ord="54">rad/s</EnumVal>
      <EnumVal ord="61">VA</EnumVal>
      <EnumVal ord="62">W</EnumVal>
      <EnumVal ord="63">VAr</EnumVal>
      <EnumVal ord="64">theta</EnumVal>
      <EnumVal ord="65">cos(theta)</EnumVal>
      <EnumVal ord="66">Vs</EnumVal>
      <EnumVal ord="67">V^2</EnumVal>
      <EnumVal ord="68">As</EnumVal>
      <EnumVal ord="69">A^2</EnumVal>
      <EnumVal ord="70">A^2t</EnumVal>
      <EnumVal ord="71">VAh</EnumVal>
      <EnumVal ord="72">Wh</EnumVal>
      <EnumVal ord="73">VArh</EnumVal>
      <EnumVal ord="74">V/Hz</EnumVal>
    </EnumType> 
    <EnumType id="Dbpos"> 
      <EnumVal ord="0">intermediate</EnumVal> 
      <EnumVal ord="1">off</EnumVal> 
      <EnumVal ord="2">on</EnumVal> 
      <EnumVal ord="3">bad</EnumVal> 
    </EnumType> 
    <EnumType id="Tcmd"> 
      <EnumVal ord="0">stop</EnumVal> 
      <EnumVal ord="1">lower</EnumVal> 
      <EnumVal ord="2">higher</EnumVal> 
      <EnumVal ord="3">reserved</EnumVal> 
    </EnumType> 
    <EnumType id="Beh"> 
      <EnumVal ord="1">on</EnumVal> 
      <EnumVal ord="2">blocked</EnumVal> 
      <EnumVal ord="3">test</EnumVal> 
      <EnumVal ord="4">test/blocked</EnumVal> 
      <EnumVal ord="5">off</EnumVal> 
    </EnumType> 
    <EnumType id="Mod"> 
      <EnumVal ord="1">on</EnumVal> 
      <EnumVal ord="2">blocked</EnumVal> 
      <EnumVal ord="3">test</EnumVal> 
      <EnumVal ord="4">test/blocked</EnumVal> 
      <EnumVal ord="5">off</EnumVal> 
    </EnumType> 
    <EnumType id="Health"> 
      <EnumVal ord="1">Ok</EnumVal> 
      <EnumVal ord="2">Warning</EnumVal> 
      <EnumVal ord="3">Alarm</EnumVal> 
    </EnumType> 
    <EnumType id="CBOpCap"> 
      <EnumVal ord="1">None</EnumVal> 
      <EnumVal ord="2">Open</EnumVal> 
      <EnumVal ord="3">Close-Open</EnumVal> 
      <EnumVal ord="4">Open-Close-Open</EnumVal> 
      <EnumVal ord="5">Close-Open-Close-Open</EnumVal> 
    </EnumType> 
    <EnumType id="DirMod"> 
      <EnumVal ord="1">NonDirectional</EnumVal> 
      <EnumVal ord="2">Forward</EnumVal> 
      <EnumVal ord="3">Inverse</EnumVal> 
    </EnumType> 
    <EnumType id="FailMod"> 
      <EnumVal ord="1">Current</EnumVal> 
      <EnumVal ord="2">Breaker Status</EnumVal> 
      <EnumVal ord="3">Both current and breaker status</EnumVal> 
      <EnumVal ord="4">Other</EnumVal> 
    </EnumType> 
    <EnumType id="FanCtl"> 
      <EnumVal ord="1">Inactive</EnumVal> 
      <EnumVal ord="2">Stage 1</EnumVal> 
      <EnumVal ord="3">Stage 2</EnumVal> 
      <EnumVal ord="4">Stage 3</EnumVal> 
    </EnumType> 
    <EnumType id="GnSt"> 
      <EnumVal ord="1">Stopped</EnumVal> 
      <EnumVal ord="2">Stopping</EnumVal> 
      <EnumVal ord="3">Started</EnumVal> 
      <EnumVal ord="4">Starting</EnumVal> 
      <EnumVal ord="5">Disabled</EnumVal> 
    </EnumType> 
    <EnumType id="LevMod"> 
      <EnumVal ord="1">Positive or Rising</EnumVal> 
      <EnumVal ord="2">Negative or Falling</EnumVal> 
      <EnumVal ord="3">Both</EnumVal> 
      <EnumVal ord="4">Other</EnumVal> 
    </EnumType> 
    <EnumType id="LivDeaMod"> 
      <EnumVal ord="1">Dead Line, Dead Bus</EnumVal> 
      <EnumVal ord="2">Live Line, Dead Bus</EnumVal> 
      <EnumVal ord="3">Dead Line, Live Bus</EnumVal> 
      <EnumVal ord="4">Dead Line, Dead Bus OR Live Line, Dead Bus</EnumVal> 
      <EnumVal ord="5">Dead Line, Dead Bus OR Dead Line, Live Bus</EnumVal> 
      <EnumVal ord="6">Live Line, Dead Bus OR Dead Line, Live Bus</EnumVal> 
      <EnumVal ord="7">Dead Line, Dead Bus OR Live Line, Dead Bus OR Dead Line, Live Bus</EnumVal> 
    </EnumType> 
    <EnumType id="PolQty"> 
      <EnumVal ord="1">None</EnumVal> 
      <EnumVal ord="2">Zero Sequence Current</EnumVal> 
      <EnumVal ord="3">Zero Sequence Voltage</EnumVal> 
      <EnumVal ord="4">Negative Sequence Voltage</EnumVal> 
    </EnumType> 
    <EnumType id="POWCap"> 
      <EnumVal ord="1">None</EnumVal> 
      <EnumVal ord="2">Close</EnumVal> 
      <EnumVal ord="3">Open</EnumVal> 
      <EnumVal ord="4">Close and Open</EnumVal> 
    </EnumType> 
    <EnumType id="OpMod"> 
      <EnumVal ord="1">Overwrite existing values</EnumVal> 
      <EnumVal ord="2">Stop when full or saturated</EnumVal> 
    </EnumType> 
    <EnumType id="ReTrMod"> 
      <EnumVal ord="1">Off</EnumVal> 
      <EnumVal ord="2">Without Check</EnumVal> 
      <EnumVal ord="3">With Current Check</EnumVal> 
      <EnumVal ord="4">With Breaker Status Check</EnumVal> 
      <EnumVal ord="5">With Current and Breaker Status Check</EnumVal> 
      <EnumVal ord="6">Other Checks</EnumVal> 
    </EnumType> 
    <EnumType id="RstMod"> 
      <EnumVal ord="1">None</EnumVal> 
      <EnumVal ord="2">Harmonic2</EnumVal> 
      <EnumVal ord="3">Harmonic5</EnumVal> 
      <EnumVal ord="4">Harmonic2and5</EnumVal> 
      <EnumVal ord="5">WaveformAnalysis</EnumVal> 
      <EnumVal ord="6">WaveformAnalysisAndHarmonic2</EnumVal> 
      <EnumVal ord="7">Other</EnumVal> 
    </EnumType> 
    <EnumType id="RvAMod"> 
      <EnumVal ord="1">Off</EnumVal> 
      <EnumVal ord="2">On</EnumVal> 
    </EnumType> 
    <EnumType id="SchTyp"> 
      <EnumVal ord="1">None</EnumVal> 
      <EnumVal ord="2">Intertrip</EnumVal> 
      <EnumVal ord="3">Permissive Underreach</EnumVal> 
      <EnumVal ord="4">Permissive Overreach</EnumVal> 
      <EnumVal ord="5">Blocking</EnumVal> 
    </EnumType> 
    <EnumType id="ShOpCap"> 
      <EnumVal ord="1">None</EnumVal> 
      <EnumVal ord="2">Open</EnumVal> 
      <EnumVal ord="3">Close</EnumVal> 
      <EnumVal ord="4">Open and Close</EnumVal> 
    </EnumType> 
    <EnumType id="SwOpCap"> 
      <EnumVal ord="1">None</EnumVal> 
      <EnumVal ord="2">Open</EnumVal> 
      <EnumVal ord="3">Close</EnumVal> 
      <EnumVal ord="4">Open and Close</EnumVal> 
    </EnumType> 
    <EnumType id="SwTyp"> 
      <EnumVal ord="1">Load Break</EnumVal> 
      <EnumVal ord="2">Disconnector</EnumVal> 
      <EnumVal ord="3">Earthing Switch</EnumVal> 
      <EnumVal ord="4">High Speed Earthing Switch</EnumVal> 
    </EnumType> 
    <EnumType id="TrgMod"> 
      <EnumVal ord="1">Internal</EnumVal> 
      <EnumVal ord="2">External</EnumVal> 
      <EnumVal ord="3">Both</EnumVal> 
    </EnumType> 
    <EnumType id="TrMod"> 
      <EnumVal ord="1">3 phase tripping</EnumVal> 
      <EnumVal ord="2">1 or 3 phase tripping</EnumVal> 
      <EnumVal ord="3">specific</EnumVal> 
    </EnumType> 
    <EnumType id="TypRsCrv"> 
      <EnumVal ord="1">None</EnumVal> 
      <EnumVal ord="2">Definit Time Delayed Reset</EnumVal> 
      <EnumVal ord="3">Inverse Reset</EnumVal> 
    </EnumType> 
    <EnumType id="UnBlkMod"> 
      <EnumVal ord="1">Off</EnumVal> 
      <EnumVal ord="2">Permanent</EnumVal> 
      <EnumVal ord="3">Time window</EnumVal> 
    </EnumType> 
    <EnumType id="WeiMod"> 
      <EnumVal ord="1">Off</EnumVal> 
      <EnumVal ord="2">Operate</EnumVal> 
      <EnumVal ord="3">Echo</EnumVal> 
      <EnumVal ord="4">Echo and Operate</EnumVal> 
    </EnumType> 
  </DataTypeTemplates> 
</SCL> 
 